Workbook

Sheet Bond Queue Tracker
A1: CHUBB SURETY – BOND QUEUE OPERATIONS TRACKER
A2: Live Queue Management · Processing Dashboard · Deadline Monitoring
A4: Bond ID | B4: Request Date | C4: Due Date | D4: Days Remaining | E4: Bond Type | F4: Principal Name | G4: Obligee | H4: Bond Amount ($) | I4: Premium ($) | J4: Processor | K4: Status | L4: Priority | M4: Booking System | N4: Notes / Action Required | O4: Completion Date | P4: SLA Met?
A5: BD-2025-001 | B5: 45708 | C5: 45721 | D5: =IFERROR(IF(K5="Completed","Done",C5-TODAY()),"") -> -360 | E5: Bid Bond | F5: Apex Construction LLC | G5: City of Hartford DOT | H5: 250000 | I5: 500 | J5: Maria Lopez | K5: In Progress | L5: High | M5: PolicyCenter | N5: Awaiting notarized principal signature | P5: =IFERROR(IF(K5="Completed",IF(O5<="","",IF(O5<=C5,"✔ Yes","✘ No")),"—"),"") -> —
A6: BD-2025-002 | B6: 45710 | C6: 45719 | D6: =IFERROR(IF(K6="Completed","Done",C6-TODAY()),"") -> -362 | E6: Final Bond | F6: Greenway Builders Inc. | G6: State of CT Dept of Trans. | H6: 1200000 | I6: 2400 | J6: James Carter | K6: Pending Info | L6: High | M6: PolicyCenter | N6: Need updated financial statement from agent | P6: =IFERROR(IF(K6="Completed",IF(O6<="","",IF(O6<=C6,"✔ Yes","✘ No")),"—"),"") -> —
A7: BD-2025-003 | B7: 45706 | C7: 45726 | D7: =IFERROR(IF(K7="Completed","Done",C7-TODAY()),"") -> Done | E7: Rider | F7: SkyLine Electric Co. | G7: New Haven Municipality | H7: 80000 | I7: 160 | J7: Sarah Kim | K7: Completed | L7: Medium | M7: PolicyCenter | N7: Rider executed and mailed 2/28 | O7: 45716 | P7: =IFERROR(IF(K7="Completed",IF(O7<="","",IF(O7<=C7,"✔ Yes","✘ No")),"—"),"")
A8: BD-2025-004 | B8: 45713 | C8: 45723 | D8: =IFERROR(IF(K8="Completed","Done",C8-TODAY()),"") -> -358 | E8: Consent | F8: Pinnacle Paving Corp. | G8: CT DOT – District 3 | H8: 500000 | I8: 1000 | J8: Maria Lopez | K8: In Progress | L8: High | M8: PolicyCenter | N8: Consent of surety requested by obligee | P8: =IFERROR(IF(K8="Completed",IF(O8<="","",IF(O8<=C8,"✔ Yes","✘ No")),"—"),"") -> —
A9: BD-2025-005 | B9: 45698 | C9: 45716 | D9: =IFERROR(IF(K9="Completed","Done",C9-TODAY()),"") -> Done | E9: Cancellation | F9: Blue Ridge HVAC | G9: Private Developer – XYZ | H9: 150000 | I9: 0 | J9: James Carter | K9: Completed | L9: Medium | M9: PolicyCenter | N9: Cancellation processed; refund premium confirmed | O9: 45715 | P9: =IFERROR(IF(K9="Completed",IF(O9<="","",IF(O9<=C9,"✔ Yes","✘ No")),"—"),"")
A10: BD-2025-006 | B10: 45714 | C10: 45728 | D10: =IFERROR(IF(K10="Completed","Done",C10-TODAY()),"") -> -353 | E10: Bid Bond | F10: Hartwell General Cont. | G10: Stamford Board of Ed. | H10: 400000 | I10: 800 | J10: Tom Nguyen | K10: New | L10: Medium | M10: PolicyCenter | N10: New submission – assign to underwriter for review | P10: =IFERROR(IF(K10="Completed",IF(O10<="","",IF(O10<=C10,"✔ Yes","✘ No")),"—"),"") -> —
A11: BD-2025-007 | B11: 45703 | C11: 45717 | D11: =IFERROR(IF(K11="Completed","Done",C11-TODAY()),"") -> -364 | E11: Final Bond | F11: Iron Gate Construction | G11: Federal Highway Admin. | H11: 2500000 | I11: 6250 | J11: Sarah Kim | K11: Overdue | L11: High | M11: PolicyCenter | N11: Escalated – principal delay in submitting indemnity | P11: =IFERROR(IF(K11="Completed",IF(O11<="","",IF(O11<=C11,"✔ Yes","✘ No")),"—"),"") -> —
A12: BD-2025-008 | B12: 45716 | C12: 45731 | D12: =IFERROR(IF(K12="Completed","Done",C12-TODAY()),"") -> -350 | E12: Release | F12: Metro Water Solutions | G12: Bridgeport Water Auth. | H12: 300000 | I12: 0 | J12: Tom Nguyen | K12: New | L12: Low | M12: PolicyCenter | N12: Release request; verify contract close-out docs | P12: =IFERROR(IF(K12="Completed",IF(O12<="","",IF(O12<=C12,"✔ Yes","✘ No")),"—"),"") -> —
A13: BD-2025-009 | B13: 45709 | C13: 45722 | D13: =IFERROR(IF(K13="Completed","Done",C13-TODAY()),"") -> -359 | E13: Premium Adj. | F13: Stonecrest Developers | G13: City of Waterbury | H13: 950000 | I13: 1900 | J13: Maria Lopez | K13: In Progress | L13: Medium | M13: PolicyCenter | N13: Audit complete; premium increase $450 pending | P13: =IFERROR(IF(K13="Completed",IF(O13<="","",IF(O13<=C13,"✔ Yes","✘ No")),"—"),"") -> —
A14: BD-2025-010 | B14: 45711 | C14: 45724 | D14: =IFERROR(IF(K14="Completed","Done",C14-TODAY()),"") -> -357 | E14: Bid Bond | F14: Coastal Engineering LLC | G14: CT DEEP – Environmental | H14: 175000 | I14: 350 | J14: James Carter | K14: In Progress | L14: Medium | M14: PolicyCenter | N14: Bond form under legal review by obligee | P14: =IFERROR(IF(K14="Completed",IF(O14<="","",IF(O14<=C14,"✔ Yes","✘ No")),"—"),"") -> —
A15: BD-2025-011 | B15: 45705 | C15: 45713 | D15: =IFERROR(IF(K15="Completed","Done",C15-TODAY()),"") -> Done | E15: Final Bond | F15: Ridgeline Roofing Inc. | G15: Norwalk School District | H15: 620000 | I15: 1550 | J15: Sarah Kim | K15: Completed | L15: High | M15: PolicyCenter | N15: Final bond executed; close-out initiated | O15: 45712 | P15: =IFERROR(IF(K15="Completed",IF(O15<="","",IF(O15<=C15,"✔ Yes","✘ No")),"—"),"")
A16: BD-2025-012 | B16: 45715 | C16: 45730 | D16: =IFERROR(IF(K16="Completed","Done",C16-TODAY()),"") -> -351 | E16: Rider | F16: Summit Site Works | G16: Danbury Urban Renewal | H16: 430000 | I16: 860 | J16: Tom Nguyen | K16: New | L16: Low | M16: PolicyCenter | N16: Rider to extend bond period by 6 months | P16: =IFERROR(IF(K16="Completed",IF(O16<="","",IF(O16<=C16,"✔ Yes","✘ No")),"—"),"") -> —
A17: BD-2025-013 | B17: 45712 | C17: 45720 | D17: =IFERROR(IF(K17="Completed","Done",C17-TODAY()),"") -> -361 | E17: Consent | F17: NovaBuild Contractors | G17: Meriden Parking Authority | H17: 220000 | I17: 440 | J17: Maria Lopez | K17: Pending Info | L17: High | M17: PolicyCenter | N17: Need executed contract copy from principal | P17: =IFERROR(IF(K17="Completed",IF(O17<="","",IF(O17<=C17,"✔ Yes","✘ No")),"—"),"") -> —
A18: BD-2025-014 | B18: 45707 | C18: 45719 | D18: =IFERROR(IF(K18="Completed","Done",C18-TODAY()),"") -> -362 | E18: Cancellation | F18: Harbor View Marine | G18: CT Port Authority | H18: 90000 | I18: 0 | J18: James Carter | K18: In Progress | L18: Medium | M18: PolicyCenter | N18: Cancellation notice served; awaiting obligee ack. | P18: =IFERROR(IF(K18="Completed",IF(O18<="","",IF(O18<=C18,"✔ Yes","✘ No")),"—"),"") -> —
A19: BD-2025-015 | B19: 45716 | C19: 45736 | D19: =IFERROR(IF(K19="Completed","Done",C19-TODAY()),"") -> -345 | E19: Bid Bond | F19: Statewide Paving LLC | G19: CDOT – District 1 | H19: 800000 | I19: 1600 | J19: Sarah Kim | K19: New | L19: Low | M19: PolicyCenter | N19: New bid bond – review underwriting file | P19: =IFERROR(IF(K19="Completed",IF(O19<="","",IF(O19<=C19,"✔ Yes","✘ No")),"—"),"") -> —
A20: BD-2025-016 | B20: 45704 | C20: 45714 | D20: =IFERROR(IF(K20="Completed","Done",C20-TODAY()),"") -> Done | E20: Final Bond | F20: Allied Mechanical Corp. | G20: Yale New Haven Health | H20: 1750000 | I20: 4375 | J20: Tom Nguyen | K20: Completed | L20: High | M20: PolicyCenter | N20: Executed and delivered 2/25 | O20: 45713 | P20: =IFERROR(IF(K20="Completed",IF(O20<="","",IF(O20<=C20,"✔ Yes","✘ No")),"—"),"")
A21: BD-2025-017 | B21: 45714 | C21: 45725 | D21: =IFERROR(IF(K21="Completed","Done",C21-TODAY()),"") -> -356 | E21: Premium Adj. | F21: Fairview Construction | G21: Shelton Public Works | H21: 560000 | I21: 1120 | J21: Maria Lopez | K21: In Progress | L21: Medium | M21: PolicyCenter | N21: Mid-term audit; contract value increased $60k | P21: =IFERROR(IF(K21="Completed",IF(O21<="","",IF(O21<=C21,"✔ Yes","✘ No")),"—"),"") -> —
A22: BD-2025-018 | B22: 45713 | C22: 45727 | D22: =IFERROR(IF(K22="Completed","Done",C22-TODAY()),"") -> -354 | E22: Release | F22: Clearwater Utilities | G22: New Britain Water Dept. | H22: 130000 | I22: 0 | J22: James Carter | K22: In Progress | L22: Low | M22: PolicyCenter | N22: Project substantially complete; release pending | P22: =IFERROR(IF(K22="Completed",IF(O22<="","",IF(O22<=C22,"✔ Yes","✘ No")),"—"),"") -> —
A23: BD-2025-019 | B23: 45716 | C23: 45722 | D23: =IFERROR(IF(K23="Completed","Done",C23-TODAY()),"") -> -359 | E23: Bid Bond | F23: Triumph General Cont. | G23: Ansonia Board of Ed. | H23: 310000 | I23: 620 | J23: Tom Nguyen | K23: New | L23: High | M23: PolicyCenter | N23: Rush – bid opening 3/6 at 2 PM | P23: =IFERROR(IF(K23="Completed",IF(O23<="","",IF(O23<=C23,"✔ Yes","✘ No")),"—"),"") -> —
A24: BD-2025-020 | B24: 45710 | C24: 45721 | D24: =IFERROR(IF(K24="Completed","Done",C24-TODAY()),"") -> -360 | E24: Final Bond | F24: PrimePath Contracting | G24: Groton Utilities District | H24: 970000 | I24: 2425 | J24: Sarah Kim | K24: Pending Info | L24: High | M24: PolicyCenter | N24: Waiting on payment bond form from obligee | P24: =IFERROR(IF(K24="Completed",IF(O24<="","",IF(O24<=C24,"✔ Yes","✘ No")),"—"),"") -> —

Sheet Summary Dashboard
A1: SURETY OPERATIONS DASHBOARD – EXECUTIVE SUMMARY
A2: As of: March 01, 2025 | Auto-calculated from Bond Queue Tracker
A4: Total Bonds in Queue | E4: Open / Active | I4: Completed
A6: =COUNTA('Bond Queue Tracker'!A5:A24) -> 20 | E6: =COUNTIF('Bond Queue Tracker'!K5:K24,"In Progress")+COUNTIF('Bond Queue Tracker'!K5:K24,"New")+COUNTIF('Bond Queue Tracker'!K5:K24,"Pending Info") -> 15 | I6: =COUNTIF('Bond Queue Tracker'!K5:K24,"Completed") -> 4
A10: STATUS BREAKDOWN | H10: BOND TYPE VOLUME
A11: Status | B11: Count | C11: % of Queue | D11: Avg Days Remaining | E11: Total Premium ($) | F11: Bond Types | H11: Bond Type | I11: Count | J11: Total Amount ($) | K11: Avg Premium ($) | L11: % of Portfolio
A12: New | B12: =COUNTIF('Bond Queue Tracker'!K5:K24,"New") -> 5 | C12: =IFERROR(B12/COUNTA('Bond Queue Tracker'!K5:K24),0) -> 0.25 | D12: =IFERROR(AVERAGEIF('Bond Queue Tracker'!K5:K24,"New",'Bond Queue Tracker'!D5:D24),"N/A") -> -351.6 | E12: =SUMIF('Bond Queue Tracker'!K5:K24,"New",'Bond Queue Tracker'!I5:I24) -> 3880 | F12: — | H12: Bid Bond | I12: =COUNTIF('Bond Queue Tracker'!E5:E24,"Bid Bond") -> 5 | J12: =SUMIF('Bond Queue Tracker'!E5:E24,"Bid Bond",'Bond Queue Tracker'!H5:H24) -> 1935000 | K12: =IFERROR(AVERAGEIF('Bond Queue Tracker'!E5:E24,"Bid Bond",'Bond Queue Tracker'!I5:I24),0) -> 774 | L12: =IFERROR(I12/COUNTA('Bond Queue Tracker'!E5:E24),0) -> 0.25
A13: In Progress | B13: =COUNTIF('Bond Queue Tracker'!K5:K24,"In Progress") -> 7 | C13: =IFERROR(B13/COUNTA('Bond Queue Tracker'!K5:K24),0) -> 0.35 | D13: =IFERROR(AVERAGEIF('Bond Queue Tracker'!K5:K24,"In Progress",'Bond Queue Tracker'!D5:D24),"N/A") -> -358 | E13: =SUMIF('Bond Queue Tracker'!K5:K24,"In Progress",'Bond Queue Tracker'!I5:I24) -> 4870 | F13: — | H13: Final Bond | I13: =COUNTIF('Bond Queue Tracker'!E5:E24,"Final Bond") -> 5 | J13: =SUMIF('Bond Queue Tracker'!E5:E24,"Final Bond",'Bond Queue Tracker'!H5:H24) -> 7040000 | K13: =IFERROR(AVERAGEIF('Bond Queue Tracker'!E5:E24,"Final Bond",'Bond Queue Tracker'!I5:I24),0) -> 3400 | L13: =IFERROR(I13/COUNTA('Bond Queue Tracker'!E5:E24),0) -> 0.25
A14: Pending Info | B14: =COUNTIF('Bond Queue Tracker'!K5:K24,"Pending Info") -> 3 | C14: =IFERROR(B14/COUNTA('Bond Queue Tracker'!K5:K24),0) -> 0.15 | D14: =IFERROR(AVERAGEIF('Bond Queue Tracker'!K5:K24,"Pending Info",'Bond Queue Tracker'!D5:D24),"N/A") -> -361 | E14: =SUMIF('Bond Queue Tracker'!K5:K24,"Pending Info",'Bond Queue Tracker'!I5:I24) -> 5265 | F14: — | H14: Rider | I14: =COUNTIF('Bond Queue Tracker'!E5:E24,"Rider") -> 2 | J14: =SUMIF('Bond Queue Tracker'!E5:E24,"Rider",'Bond Queue Tracker'!H5:H24) -> 510000 | K14: =IFERROR(AVERAGEIF('Bond Queue Tracker'!E5:E24,"Rider",'Bond Queue Tracker'!I5:I24),0) -> 510 | L14: =IFERROR(I14/COUNTA('Bond Queue Tracker'!E5:E24),0) -> 0.1
A15: Completed | B15: =COUNTIF('Bond Queue Tracker'!K5:K24,"Completed") -> 4 | C15: =IFERROR(B15/COUNTA('Bond Queue Tracker'!K5:K24),0) -> 0.2 | D15: N/A | E15: =SUMIF('Bond Queue Tracker'!K5:K24,"Completed",'Bond Queue Tracker'!I5:I24) -> 6085 | F15: — | H15: Consent | I15: =COUNTIF('Bond Queue Tracker'!E5:E24,"Consent") -> 2 | J15: =SUMIF('Bond Queue Tracker'!E5:E24,"Consent",'Bond Queue Tracker'!H5:H24) -> 720000 | K15: =IFERROR(AVERAGEIF('Bond Queue Tracker'!E5:E24,"Consent",'Bond Queue Tracker'!I5:I24),0) -> 720 | L15: =IFERROR(I15/COUNTA('Bond Queue Tracker'!E5:E24),0) -> 0.1
A16: Overdue | B16: =COUNTIF('Bond Queue Tracker'!K5:K24,"Overdue") -> 1 | C16: =IFERROR(B16/COUNTA('Bond Queue Tracker'!K5:K24),0) -> 0.05 | D16: =IFERROR(AVERAGEIF('Bond Queue Tracker'!K5:K24,"Overdue",'Bond Queue Tracker'!D5:D24),"N/A") -> -364 | E16: =SUMIF('Bond Queue Tracker'!K5:K24,"Overdue",'Bond Queue Tracker'!I5:I24) -> 6250 | F16: — | H16: Release | I16: =COUNTIF('Bond Queue Tracker'!E5:E24,"Release") -> 2 | J16: =SUMIF('Bond Queue Tracker'!E5:E24,"Release",'Bond Queue Tracker'!H5:H24) -> 430000 | K16: =IFERROR(AVERAGEIF('Bond Queue Tracker'!E5:E24,"Release",'Bond Queue Tracker'!I5:I24),0) -> 0 | L16: =IFERROR(I16/COUNTA('Bond Queue Tracker'!E5:E24),0) -> 0.1
H17: Cancellation | I17: =COUNTIF('Bond Queue Tracker'!E5:E24,"Cancellation") -> 2 | J17: =SUMIF('Bond Queue Tracker'!E5:E24,"Cancellation",'Bond Queue Tracker'!H5:H24) -> 240000 | K17: =IFERROR(AVERAGEIF('Bond Queue Tracker'!E5:E24,"Cancellation",'Bond Queue Tracker'!I5:I24),0) -> 0 | L17: =IFERROR(I17/COUNTA('Bond Queue Tracker'!E5:E24),0) -> 0.1
H18: Premium Adj. | I18: =COUNTIF('Bond Queue Tracker'!E5:E24,"Premium Adj.") -> 2 | J18: =SUMIF('Bond Queue Tracker'!E5:E24,"Premium Adj.",'Bond Queue Tracker'!H5:H24) -> 1510000 | K18: =IFERROR(AVERAGEIF('Bond Queue Tracker'!E5:E24,"Premium Adj.",'Bond Queue Tracker'!I5:I24),0) -> 1510 | L18: =IFERROR(I18/COUNTA('Bond Queue Tracker'!E5:E24),0) -> 0.1
A19: PROCESSOR WORKLOAD SUMMARY
A20: Processor | B20: Total Assigned | C20: Open | D20: Completed | E20: Overdue | F20: Completion Rate
A21: Maria Lopez | B21: =COUNTIF('Bond Queue Tracker'!J5:J24,"Maria Lopez") -> 5 | C21: =COUNTIFS('Bond Queue Tracker'!J5:J24,"Maria Lopez",'Bond Queue Tracker'!K5:K24,"In Progress")+COUNTIFS('Bond Queue Tracker'!J5:J24,"Maria Lopez",'Bond Queue Tracker'!K5:K24,"New")+COUNTIFS('Bond Queue Tracker'!J5:J24,"Maria Lopez",'Bond Queue Tracker'!K5:K24,"Pending Info") -> 5 | D21: =COUNTIFS('Bond Queue Tracker'!J5:J24,"Maria Lopez",'Bond Queue Tracker'!K5:K24,"Completed") -> 0 | E21: =COUNTIFS('Bond Queue Tracker'!J5:J24,"Maria Lopez",'Bond Queue Tracker'!K5:K24,"Overdue") -> 0 | F21: =IFERROR(D21/B21,0) -> 0
A22: James Carter | B22: =COUNTIF('Bond Queue Tracker'!J5:J24,"James Carter") -> 5 | C22: =COUNTIFS('Bond Queue Tracker'!J5:J24,"James Carter",'Bond Queue Tracker'!K5:K24,"In Progress")+COUNTIFS('Bond Queue Tracker'!J5:J24,"James Carter",'Bond Queue Tracker'!K5:K24,"New")+COUNTIFS('Bond Queue Tracker'!J5:J24,"James Carter",'Bond Queue Tracker'!K5:K24,"Pending Info") -> 4 | D22: =COUNTIFS('Bond Queue Tracker'!J5:J24,"James Carter",'Bond Queue Tracker'!K5:K24,"Completed") -> 1 | E22: =COUNTIFS('Bond Queue Tracker'!J5:J24,"James Carter",'Bond Queue Tracker'!K5:K24,"Overdue") -> 0 | F22: =IFERROR(D22/B22,0) -> 0.2
A23: Sarah Kim | B23: =COUNTIF('Bond Queue Tracker'!J5:J24,"Sarah Kim") -> 5 | C23: =COUNTIFS('Bond Queue Tracker'!J5:J24,"Sarah Kim",'Bond Queue Tracker'!K5:K24,"In Progress")+COUNTIFS('Bond Queue Tracker'!J5:J24,"Sarah Kim",'Bond Queue Tracker'!K5:K24,"New")+COUNTIFS('Bond Queue Tracker'!J5:J24,"Sarah Kim",'Bond Queue Tracker'!K5:K24,"Pending Info") -> 2 | D23: =COUNTIFS('Bond Queue Tracker'!J5:J24,"Sarah Kim",'Bond Queue Tracker'!K5:K24,"Completed") -> 2 | E23: =COUNTIFS('Bond Queue Tracker'!J5:J24,"Sarah Kim",'Bond Queue Tracker'!K5:K24,"Overdue") -> 1 | F23: =IFERROR(D23/B23,0) -> 0.4
A24: Tom Nguyen | B24: =COUNTIF('Bond Queue Tracker'!J5:J24,"Tom Nguyen") -> 5 | C24: =COUNTIFS('Bond Queue Tracker'!J5:J24,"Tom Nguyen",'Bond Queue Tracker'!K5:K24,"In Progress")+COUNTIFS('Bond Queue Tracker'!J5:J24,"Tom Nguyen",'Bond Queue Tracker'!K5:K24,"New")+COUNTIFS('Bond Queue Tracker'!J5:J24,"Tom Nguyen",'Bond Queue Tracker'!K5:K24,"Pending Info") -> 4 | D24: =COUNTIFS('Bond Queue Tracker'!J5:J24,"Tom Nguyen",'Bond Queue Tracker'!K5:K24,"Completed") -> 1 | E24: =COUNTIFS('Bond Queue Tracker'!J5:J24,"Tom Nguyen",'Bond Queue Tracker'!K5:K24,"Overdue") -> 0 | F24: =IFERROR(D24/B24,0) -> 0.2
A27: ⚠ HIGH PRIORITY & OVERDUE ALERTS
A28: Bond ID | B28: Principal | C28: Bond Type | D28: Due Date | E28: Status | F28: Days Remaining
A29: BD-2025-001 | B29: Apex Construction LLC | C29: Bid Bond | D29: 45721 | E29: In Progress | F29: =IFERROR(VLOOKUP(A29,'Bond Queue Tracker'!A:D,4,0),"") -> -360
A30: BD-2025-002 | B30: Greenway Builders Inc. | C30: Final Bond | D30: 45719 | E30: Pending Info | F30: =IFERROR(VLOOKUP(A30,'Bond Queue Tracker'!A:D,4,0),"") -> -362
A31: BD-2025-004 | B31: Pinnacle Paving Corp. | C31: Consent | D31: 45723 | E31: In Progress | F31: =IFERROR(VLOOKUP(A31,'Bond Queue Tracker'!A:D,4,0),"") -> -358
A32: BD-2025-007 | B32: Iron Gate Construction | C32: Final Bond | D32: 45717 | E32: Overdue | F32: =IFERROR(VLOOKUP(A32,'Bond Queue Tracker'!A:D,4,0),"") -> -364
A33: BD-2025-011 | B33: Ridgeline Roofing Inc. | C33: Final Bond | D33: 45713 | E33: Completed | F33: =IFERROR(VLOOKUP(A33,'Bond Queue Tracker'!A:D,4,0),"") -> Done
A34: BD-2025-013 | B34: NovaBuild Contractors | C34: Consent | D34: 45720 | E34: Pending Info | F34: =IFERROR(VLOOKUP(A34,'Bond Queue Tracker'!A:D,4,0),"") -> -361
A35: BD-2025-016 | B35: Allied Mechanical Corp. | C35: Final Bond | D35: 45714 | E35: Completed | F35: =IFERROR(VLOOKUP(A35,'Bond Queue Tracker'!A:D,4,0),"") -> Done
A36: BD-2025-019 | B36: Triumph General Cont. | C36: Bid Bond | D36: 45722 | E36: New | F36: =IFERROR(VLOOKUP(A36,'Bond Queue Tracker'!A:D,4,0),"") -> -359

Sheet Renewal Bill Checker
A1: SURETY – RENEWAL BILL ACCURACY CHECKER
A2: Compare renewal bills against master policy data · Auto-flag discrepancies · Track corrections
A3: HOW TO USE: Enter renewal bill figures in yellow columns. System auto-compares to master policy. Red = Discrepancy | Green = Match
A4: Bond ID | B4: Principal Name | C4: Bond Type | D4: Master Premium ($) | E4: Bill Premium ($) | F4: Premium Match? | G4: Master Bond Amt ($) | H4: Bill Bond Amt ($) | I4: Amount Match? | J4: Overall Status | K4: Notes
A5: BD-2025-001 | B5: Apex Construction LLC | C5: Bid Bond | D5: 500 | E5: 500 | F5: =IF(D5=E5,"✔ Match","✘ Mismatch") -> ✔ Match | G5: 250000 | H5: 250000 | I5: =IF(G5=H5,"✔ Match","✘ Mismatch") -> ✔ Match | J5: =IF(AND(F5="✔ Match",I5="✔ Match"),"✔ OK","⚠ Review") -> ✔ OK
A6: BD-2025-002 | B6: Greenway Builders Inc. | C6: Final Bond | D6: 2400 | E6: 2600 | F6: =IF(D6=E6,"✔ Match","✘ Mismatch") -> ✘ Mismatch | G6: 1200000 | H6: 1200000 | I6: =IF(G6=H6,"✔ Match","✘ Mismatch") -> ✔ Match | J6: =IF(AND(F6="✔ Match",I6="✔ Match"),"✔ OK","⚠ Review") -> ⚠ Review | K6: Premium bill $200 over – verify audit
A7: BD-2025-004 | B7: Pinnacle Paving Corp. | C7: Consent | D7: 1000 | E7: 1000 | F7: =IF(D7=E7,"✔ Match","✘ Mismatch") -> ✔ Match | G7: 500000 | H7: 480000 | I7: =IF(G7=H7,"✔ Match","✘ Mismatch") -> ✘ Mismatch | J7: =IF(AND(F7="✔ Match",I7="✔ Match"),"✔ OK","⚠ Review") -> ⚠ Review | K7: Bond amount discrepancy – check contract
A8: BD-2025-006 | B8: Hartwell General Cont. | C8: Bid Bond | D8: 800 | E8: 800 | F8: =IF(D8=E8,"✔ Match","✘ Mismatch") -> ✔ Match | G8: 400000 | H8: 400000 | I8: =IF(G8=H8,"✔ Match","✘ Mismatch") -> ✔ Match | J8: =IF(AND(F8="✔ Match",I8="✔ Match"),"✔ OK","⚠ Review") -> ✔ OK
A9: BD-2025-009 | B9: Stonecrest Developers | C9: Premium Adj. | D9: 1900 | E9: 2350 | F9: =IF(D9=E9,"✔ Match","✘ Mismatch") -> ✘ Mismatch | G9: 950000 | H9: 950000 | I9: =IF(G9=H9,"✔ Match","✘ Mismatch") -> ✔ Match | J9: =IF(AND(F9="✔ Match",I9="✔ Match"),"✔ OK","⚠ Review") -> ⚠ Review | K9: Audit increase reflected – confirm with UW
A10: BD-2025-010 | B10: Coastal Engineering LLC | C10: Bid Bond | D10: 350 | E10: 350 | F10: =IF(D10=E10,"✔ Match","✘ Mismatch") -> ✔ Match | G10: 175000 | H10: 175000 | I10: =IF(G10=H10,"✔ Match","✘ Mismatch") -> ✔ Match | J10: =IF(AND(F10="✔ Match",I10="✔ Match"),"✔ OK","⚠ Review") -> ✔ OK
A11: BD-2025-013 | B11: NovaBuild Contractors | C11: Consent | D11: 440 | E11: 440 | F11: =IF(D11=E11,"✔ Match","✘ Mismatch") -> ✔ Match | G11: 220000 | H11: 220000 | I11: =IF(G11=H11,"✔ Match","✘ Mismatch") -> ✔ Match | J11: =IF(AND(F11="✔ Match",I11="✔ Match"),"✔ OK","⚠ Review") -> ✔ OK
A12: BD-2025-014 | B12: Harbor View Marine | C12: Cancellation | D12: 0 | E12: 150 | F12: =IF(D12=E12,"✔ Match","✘ Mismatch") -> ✘ Mismatch | G12: 90000 | H12: 90000 | I12: =IF(G12=H12,"✔ Match","✘ Mismatch") -> ✔ Match | J12: =IF(AND(F12="✔ Match",I12="✔ Match"),"✔ OK","⚠ Review") -> ⚠ Review | K12: Cancellation – no premium should be billed
A13: BD-2025-017 | B13: Fairview Construction | C13: Premium Adj. | D13: 1120 | E13: 1120 | F13: =IF(D13=E13,"✔ Match","✘ Mismatch") -> ✔ Match | G13: 560000 | H13: 620000 | I13: =IF(G13=H13,"✔ Match","✘ Mismatch") -> ✘ Mismatch | J13: =IF(AND(F13="✔ Match",I13="✔ Match"),"✔ OK","⚠ Review") -> ⚠ Review | K13: Bond amt on bill reflects contract increase
A14: BD-2025-019 | B14: Triumph General Cont. | C14: Bid Bond | D14: 620 | E14: 620 | F14: =IF(D14=E14,"✔ Match","✘ Mismatch") -> ✔ Match | G14: 310000 | H14: 310000 | I14: =IF(G14=H14,"✔ Match","✘ Mismatch") -> ✔ Match | J14: =IF(AND(F14="✔ Match",I14="✔ Match"),"✔ OK","⚠ Review") -> ✔ OK | K14: Rush processing
A15: BD-2025-020 | B15: PrimePath Contracting | C15: Final Bond | D15: 2425 | E15: 2425 | F15: =IF(D15=E15,"✔ Match","✘ Mismatch") -> ✔ Match | G15: 970000 | H15: 900000 | I15: =IF(G15=H15,"✔ Match","✘ Mismatch") -> ✘ Mismatch | J15: =IF(AND(F15="✔ Match",I15="✔ Match"),"✔ OK","⚠ Review") -> ⚠ Review | K15: Bond amount $70k short – escalate to UW
A17: SUMMARY TOTALS | D17: =SUM(D5:D15) -> 11555 | E17: =SUM(E5:E15) -> 12355 | F17: =COUNTIF(F5:F15,"✘ Mismatch")&" Discrepancies Found" -> 3 Discrepancies Found

Sheet Email Inbox Log
A1: SURETY – SHARED E-MAILBOX MANAGEMENT LOG
A2: Track all incoming requests · Assign processor · Monitor response time · Ensure no item is missed
A3: Log ID | B3: Date Received | C3: From (Agent/Obligee) | D3: Subject / Request Type | E3: Bond ID Ref. | F3: Assigned To | G3: Priority | H3: Date Responded | I3: Response Time (Days) | J3: Action Taken | K3: Status | L3: Follow-Up Needed?
A4: EM-001 | B4: 45708 | C4: Hartford Bonding Agency | D4: Bid Bond Request – Apex Construction | E4: BD-2025-001 | F4: Maria Lopez | G4: High | H4: 45708 | I4: =IFERROR(IF(H4="","—",H4-B4),"—") -> 0 | K4: Completed | L4: No
A5: EM-002 | B5: 45709 | C5: State Farm Surety Agents | D5: Final Bond – Greenway Builders, financial docs | E5: BD-2025-002 | F5: James Carter | G5: High | H5: 45710 | I5: =IFERROR(IF(H5="","—",H5-B5),"—") -> 1 | K5: Open | L5: Yes – awaiting docs
A6: EM-003 | B6: 45710 | C6: Metro Bonding LLC | D6: Rider Request – SkyLine Electric | E6: BD-2025-003 | F6: Sarah Kim | G6: Medium | H6: 45711 | I6: =IFERROR(IF(H6="","—",H6-B6),"—") -> 1 | K6: Completed | L6: No
A7: EM-004 | B7: 45711 | C7: CT DOT Procurement Office | D7: Consent of Surety – Pinnacle Paving | E7: BD-2025-004 | F7: Maria Lopez | G7: High | H7: 45712 | I7: =IFERROR(IF(H7="","—",H7-B7),"—") -> 1 | K7: In Progress | L7: Yes – legal review
A8: EM-005 | B8: 45711 | C8: Blue Ridge HVAC Direct | D8: Cancellation Notice Submission | E8: BD-2025-005 | F8: James Carter | G8: Medium | H8: 45712 | I8: =IFERROR(IF(H8="","—",H8-B8),"—") -> 1 | K8: Completed | L8: No
A9: EM-006 | B9: 45713 | C9: Summit Bond Group | D9: New Bid Bond Inquiry – Hartwell Contractors | E9: BD-2025-006 | F9: Tom Nguyen | G9: Medium | H9: 45714 | I9: =IFERROR(IF(H9="","—",H9-B9),"—") -> 1 | K9: In Progress | L9: No
A10: EM-007 | B10: 45713 | C10: Iron Gate Construction | D10: URGENT: Final Bond overdue – indemnity issue | E10: BD-2025-007 | F10: Sarah Kim | G10: High | H10: 45713 | I10: =IFERROR(IF(H10="","—",H10-B10),"—") -> 0 | K10: Escalated | L10: Yes – supervisor notified
A11: EM-008 | B11: 45714 | C11: Bridgeport Water Authority | D11: Release Request – Metro Water Solutions | E11: BD-2025-008 | F11: Tom Nguyen | G11: Low | H11: 45715 | I11: =IFERROR(IF(H11="","—",H11-B11),"—") -> 1 | K11: In Progress | L11: No
A12: EM-009 | B12: 45714 | C12: Landmark Surety Partners | D12: Premium Adjustment – Stonecrest Developers | E12: BD-2025-009 | F12: Maria Lopez | G12: Medium | H12: 45715 | I12: =IFERROR(IF(H12="","—",H12-B12),"—") -> 1 | K12: In Progress | L12: No
A13: EM-010 | B13: 45715 | C13: Coastal Engineering LLC | D13: Bond Form Legal Query – CT DEEP | E13: BD-2025-010 | F13: James Carter | G13: Medium | H13: 45715 | I13: =IFERROR(IF(H13="","—",H13-B13),"—") -> 0 | K13: Open | L13: Yes – pending legal
A14: EM-011 | B14: 45715 | C14: Northeast Surety Agents | D14: Final Bond – Ridgeline Roofing Close-Out | E14: BD-2025-011 | F14: Sarah Kim | G14: High | H14: 45715 | I14: =IFERROR(IF(H14="","—",H14-B14),"—") -> 0 | K14: Completed | L14: No
A15: EM-012 | B15: 45715 | C15: Summit Site Works | D15: Rider – 6-month extension, Danbury project | E15: BD-2025-012 | F15: Tom Nguyen | G15: Low | I15: =IFERROR(IF(H15="","—",H15-B15),"—") -> — | K15: New | L15: No
A16: EM-013 | B16: 45716 | C16: Meriden Parking Authority | D16: Consent Request – NovaBuild, need contract copy | E16: BD-2025-013 | F16: Maria Lopez | G16: High | I16: =IFERROR(IF(H16="","—",H16-B16),"—") -> — | K16: Open | L16: Yes – chasing agent
A17: EM-014 | B17: 45716 | C17: Harbor View Marine | D17: Cancellation – awaiting obligee acknowledgment | E17: BD-2025-014 | F17: James Carter | G17: Medium | I17: =IFERROR(IF(H17="","—",H17-B17),"—") -> — | K17: In Progress | L17: No
A18: EM-015 | B18: 45716 | C18: Statewide Paving LLC | D18: New Bid Bond Submission – CDOT District 1 | E18: BD-2025-015 | F18: Sarah Kim | G18: Low | I18: =IFERROR(IF(H18="","—",H18-B18),"—") -> — | K18: New | L18: No

Sheet 📋 Instructions
A1: SURETY OPERATIONS TRACKER – USER GUIDE
A3: ABOUT THIS WORKBOOK
A4: Purpose: | B4: This tracker simulates the real-world bond processing queue used by a Surety Underwriting Technical Assistant.
A5: Author: | B5: Darshan – MS Data Science, University of New Haven
A6: Context: | B6: Built to demonstrate proficiency in Excel-based workflow management, data validation, formula logic, and operational reporting relevant to Chubb Surety Technical Assistant responsibilities.
A8: SHEET GUIDE
A9: 📊 Bond Queue Tracker: | B9: Main operational log. Add/update bonds here. All other sheets pull data from this sheet via COUNTIF, SUMIF, VLOOKUP formulas.
A10: 📈 Summary Dashboard: | B10: Auto-calculated KPIs: status breakdown, processor workload, bond type volume, and high-priority alerts. No manual entry needed.
A11: ✅ Renewal Bill Checker: | B11: Enter renewal bill figures in YELLOW cells. Green = match with master policy, Red = discrepancy requiring review.
A12: 📬 Email Inbox Log: | B12: Track every email received in the shared mailbox. Log assignment, response date, and follow-up needs.
A14: HOW TO USE – BOND QUEUE TRACKER
A15: Step 1: | B15: Add a new row below existing bonds. Use the Bond ID format BD-YYYY-###.
A16: Step 2: | B16: Select Bond Type, Status, and Priority from the dropdown menus (data validation applied).
A17: Step 3: | B17: Enter Request Date and Due Date. The 'Days Remaining' column calculates automatically.
A18: Step 4: | B18: Assign the bond to a processor. Update Status as work progresses.
A19: Step 5: | B19: When complete, enter the Completion Date. The SLA Met column auto-calculates.
A21: KEY FORMULAS USED
A22: Days Remaining: | B22: IF(K='Completed','Done',DueDate-TODAY()) – real-time countdown
A23: SLA Met: | B23: IF(CompletionDate<=DueDate,'✔ Yes','✘ No') – automatic SLA tracking
A24: Dashboard KPIs: | B24: COUNTIF, SUMIF, AVERAGEIF, COUNTIFS – pulling live from Bond Queue
A25: Renewal Checker: | B25: IF(MasterPremium=BillPremium,'✔ Match','✘ Mismatch') – instant QA
A27: COLOR CODE REFERENCE
A28: Blue headers: | B28: Column labels and section titles
A29: Green rows: | B29: Completed bonds / matched bills
A30: Yellow rows: | B30: Pending information – action required
A31: Orange rows: | B31: In-progress items
A32: Red rows: | B32: Overdue items – immediate attention needed
A33: Yellow input cells: | B33: Data entry fields in Renewal Bill Checker
